{"cameraMode":{"drawMode":0,"name":"Shaded","section":"Shading Mode"},"sceneLighting":true,"audioPlay":false,"sceneViewState":{"showFog":true,"showMaterialUpdate":false,"showSkybox":true,"showFlares":true,"showImageEffects":true,"showParticleSystems":true,"showVisualEffectGraphs":true,"m_FxEnabled":true},"in2DMode":false,"pivot":{"x":-34.629207611083987,"y":0.36981385946273806,"z":14.636443138122559},"rotation":{"x":-0.07964982092380524,"y":-0.6197826862335205,"z":0.06343504786491394,"w":-0.7781493067741394},"size":5.5444440841674809,"orthographic":false}