{"cameraMode":{"drawMode":0,"name":"Shaded","section":"Shading Mode"},"sceneLighting":true,"audioPlay":false,"sceneViewState":{"showFog":true,"showMaterialUpdate":false,"showSkybox":true,"showFlares":true,"showImageEffects":true,"showParticleSystems":true,"showVisualEffectGraphs":true,"m_FxEnabled":true},"in2DMode":false,"pivot":{"x":1.0503082275390626,"y":1.041075348854065,"z":-3.389741897583008},"rotation":{"x":0.0013298244448378683,"y":0.9873537421226502,"z":-0.15832582116127015,"w":0.008292432874441147},"size":14.551545143127442,"orthographic":false}